"","V7139 #X NARC/LIFETIME","V8517 FRQ GANG FIGHT"
"V7139",1,0.137089053793454
"V8517",0.137089053793454,1
